{"cameraMode":{"drawMode":0,"name":"Shaded","section":"Shading Mode"},"sceneLighting":false,"audioPlay":false,"sceneViewState":{"showFog":true,"showMaterialUpdate":false,"showSkybox":false,"showFlares":true,"showImageEffects":true,"showParticleSystems":true},"in2DMode":false,"pivot":{"x":1.2700001001358033,"y":0.3398149013519287,"z":-0.8380000591278076},"rotation":{"x":-0.01567586325109005,"y":0.7073747515678406,"z":0.015703612938523294,"w":0.7065318822860718},"size":1.6161260604858399,"orthographic":false}