{"cameraMode":{"drawMode":0,"name":"Shaded","section":"Shading Mode"},"sceneLighting":true,"audioPlay":false,"sceneViewState":{"showFog":true,"showMaterialUpdate":true,"showSkybox":true,"showFlares":true,"showImageEffects":true,"showParticleSystems":true},"in2DMode":false,"pivot":{"x":9.909367561340332,"y":11.925617218017579,"z":217.64401245117188},"rotation":{"x":0.23592858016490937,"y":-0.6676334738731384,"z":0.23677243292331696,"w":0.66524338722229},"size":220.0968017578125,"orthographic":false}